Label,publishedatsql,channeltitle
Radiohead - In Rainbows From the Basement (April 2008),2020-06-04 21:06:10,Radiohead
Radiohead - The Numbers: Jonny  Thom & a CR78,2016-10-05 14:10:32,Radiohead
Radiohead - Live in Berlin (September 2016),2020-04-16 21:04:10,Radiohead
Radiohead - Present Tense: Jonny  Thom & a CR78,2016-09-15 19:09:57,Radiohead
All I Need | Radiohead | From The Basement,2020-06-09 08:06:04,From The Basement
Reckoner | Radiohead | From The Basement,2020-06-08 08:06:03,From The Basement
Weird Fishes/Arpeggi | Radiohead | From The Basement,2020-06-05 08:06:07,From The Basement
In Rainbows | Radiohead | From The Basement,2020-06-04 21:06:11,From The Basement
Radiohead - The King Of Limbs From The Basement (December 2011),2020-05-21 21:05:11,Radiohead
Radiohead - All I Need (From the Basement),2020-06-10 10:06:48,Radiohead
Separator (From the Basement),2020-05-28 13:05:27,Radiohead
Radiohead - I Might Be Wrong,2022-05-30 15:05:40,Radiohead
Where I End And You Begin | Radiohead | From The Basement,2020-06-08 08:06:00,From The Basement
Radiohead - How To Disappear Completely | Live at Canal Plus 2001 (1080p  50fps),2017-05-31 19:05:16,WiseRiley
Radiohead - If You Say The Word (Official Video),2021-09-23 14:09:12,Radiohead
Radiohead - Live from Coachella Valley Music and Arts Festival (April 2017),2021-04-16 19:04:15,Radiohead
Radiohead - The National Anthem (Reading and Leeds 2009),2020-08-28 20:08:01,BBC Music
Radiohead - Nude (From the Basement),2020-06-10 10:06:48,Radiohead
Radiohead - Creep (Clean),2015-12-11 14:12:42,R&M TV
Exit Music (For a Film)- Radiohead (Lyrics),2019-05-07 03:05:49,kovsky
Radiohead - All I Need [HD],2021-12-28 02:12:53,ExoArchive
15 Step | Radiohead | From The Basement,2020-06-05 08:06:03,From The Basement
Radiohead - Let Down (unofficial music video),2023-06-30 23:06:02,Egor Litke
Radiohead - Live at Summer Sonic (August 2016),2020-05-14 13:05:10,Radiohead
Radiohead - Follow Me Around (Official Video),2021-11-01 16:11:09,Radiohead
Radiohead - 15 Step (From the Basement),2020-06-10 10:06:48,Radiohead
Radiohead - Live in Lima  Peru (April 2018),2021-05-28 19:05:10,Radiohead
Bangers & Mash | Radiohead | From The Basement,2020-06-07 08:06:03,From The Basement
Radiohead - Live from Coachella Valley Music and Arts Festival (April 2012),2020-04-30 21:04:11,Radiohead
Where I End And You Begin (From The Basement),2020-06-10 10:06:48,Radiohead
Radiohead - Live in St. Gallen (July 2016),2020-06-25 21:06:10,Radiohead
Radiohead - Climbing Up The Walls - Live at Lollapalooza Chicago 2016-07-29,2016-11-06 17:11:59,Daforel Laap
Little by Little (From the Basement),2020-05-28 13:05:18,Radiohead
Radiohead - Live in Vaison-la-Romaine (May 2001),2021-06-04 19:06:12,Radiohead
Radiohead - Reckoner (From the Basement),2020-06-10 10:06:48,Radiohead
Radiohead - Live in Montreal (July 2016),2021-05-14 19:05:13,Radiohead
Go Slowly (From the Basement),2020-06-10 10:06:48,Radiohead
Morning Mr. Magpie (From the Basement),2020-05-28 13:05:24,Radiohead
Nude | Radiohead | From The Basement,2020-06-06 08:06:00,From The Basement
Radiohead - Paranoid Android - Live at The O2 Arena London 21/11/25,2025-11-22 01:11:53,Will Imrie
Radiohead s Most Hypnotic Song,2025-10-13 18:10:29,Arlo Guitar
How much would you pay for a Radiohead ticket? #radiohead,2025-09-03 21:09:05,Man Overboard Podcast
I Radiohead a Bologna  tra apici stellari e momenti piÃ¹ freddi,2025-11-15 17:11:33,Andrea Scanzi
Radiohead would â€œabsolutely notâ€� perform in Israel  according to Thom Yorkeâ€¦ #radiohead #thomyorke,2025-10-28 04:10:14,Common Revolt
El dÃ­a que Radiohead perdiÃ³ su discografÃ­a ðŸ‘€ |#radiohead #thomyorke #thebeatles #musica #thestrokes,2025-09-04 01:09:22,Festivaleros Club
RADIOHEAD sont-ils des  GÃ‰NIES  ?,2020-06-08 15:06:19,Florent Garcia
Radiohead - Live in Gdynia  Poland (June 2017),2021-05-07 19:05:14,Radiohead
Jonny shredding one of his best solos #radiohead #optimistic,2025-11-26 11:11:58,Alex Franklin Piano
High And Dry Radiohead ðŸŽ¸|Tabs + Chords|,2021-02-25 11:02:23,GuitarZero2Hero Express
RADIOHEAD: 3 canzoni GENIALI sulla CHITARRA!,2025-11-15 10:11:20,Claudio Cicolin (Lezioni Chitarra)
Phil absolutely locked in on egg shaking duties #radiohead #presenttense,2025-11-26 11:11:26,Alex Franklin Piano
