Label,channeltitle,viewcount,Weighted Degree
Radiohead - FULL SHOW - live Madrid 2025-11-04 night 1 European Tour complete concert,Javi Dieguez,571545,655
Top 10 Best Radiohead Songs #radiohead #top10 #bestsongs #bestmusic,Deviant Zenith,385045,220
THE BEST SONG BY RADIOHEAD | TOP 5 TRACKS,Rock in Rhythm,244517,3
Radiohead London o2 live full concert 4k,cimaon,64088,268
Radiohead - There  There (Live),Radiohead,668096,884
Radiohead Perform  Fake Plastic Trees  Live on June 12  1995 | Late Night with Conan Oâ€™Brien,Conan O Brien,481565,165
Radiohead - 2 + 2 = 5 (Live),Radiohead,181199,521
Radiohead -  Karma Police  (1997) | David Letterman,Letterman,101891,128
me when let down #radiohead #viralvideo,neurty,513613,132
Radiohead Members Then vs Now (1985-2025) #radiohead #90smusic,Iconic glimpse,596916,203
Let DownðŸ™ƒ - Radiohead #lyrics #song #musicvideo #trending #shorts #letdown,CupupiMusic,288964,12
Jonny Greenwood joined Radioheadâ€¦ for the weirdest reason!  #shorts #radiohead #pqkstories,PQK Music Stories,75134,71
Radiohead Bologna 18th Nov 2025 full show in 4K,CrookedClown,28584,83
Radiohead full live Bologna 14 novembre 2025 multicam,fiore4,11426,17
Radiohead - Let Down #lyrics #shorts,PLAYER,791499,24
THOM YORKE TALKS ABOUT KID A ðŸ—»ðŸ”´ #radiohead,PADDINGTONdaBEAR,184645,85
Artists Trending Song Vs. Most Popular Song: Radiohead #shorts,Jarred Jermaine,152670,11
Every RADIOHEAD Album Ranked (correctly) | #radiohead,Mysto,441220,376
He almost died for a music videoðŸ˜” #musicedit #thomyorke #radiohead,RAMM4EVER,2757171,43
Radiohead - Sail To The Moon (Live),Radiohead,157008,358
The Evolution of Thom Yorke #radiohead,Before and Beyond,26543,25
Radioheadâ€™s â€œHow to Disappear Completelyâ€� Has a Hidden Origin | #rem #musicfacts #musichistory,Pigeon Row,836047,150
Radiohead Album Fourth Tracks Ranked,The Man in Me,111544,195
The Origins of Radiohead...,Verdana Clips,174441,66
THE BENDS TURNS 30! #radiohead,Fantano Shorts,72646,127
Radiohead is not Sad #shorts #thomyorke #radiohead,Music Shorties,1708251,362
Climber x Radiohead - let down [edit] #shorts,Sweygram,495897,11
How Radiohead Changed Music,The Beat Goes On,1094725,273
Radiohead song ranking time #radiohead #letdown #thomyorke,Damon Smith,408584,189
Radiohead - Sit Down. Stand Up (Live),Radiohead,94216,296
How Radiohead made No Surprises music video is amazing ðŸ˜ƒðŸ“»ðŸŒŒðŸ¤¦ðŸ�» #radiohead #music #shorts,ScyllaV,2784053,234
Meaning of no surprises by Radiohead,HarmonicsTv,302108,58
The BEST Radiohead guitar riffs from each album! #radiohead #guitarriff #thomyorke #jonnygreenwood,Harry Seaton,431874,363
Subterranean Homesick Alien // 2025-11-04 Radiohead  Movistar Arena  Madrid // Strangeloving,Strangeloving,6787,14
Paranoid Android - Radiohead - o2 London - 21.11.2025,The Murcutts  Concerts,26066,53
"#jonnygreenwood trying to ruin #creep #radiohead #guitar #rock #music #thomyorke #cover",Miles Large,8831065,159
The Radiohead Song That Makes You Cry Every Time,Charles Cornell,325100,282
sombr - Fake Plastic Trees (Radiohead Cover) | Audiotree Live,Audiotree,339596,80
THOM YORKE talks about his SAD voiceðŸ’™ #radiohead #thomyorke #shorts,PADDINGTONdaBEAR,27809,26
10 Worst Radiohead Songs,Arpeggibro,25309,106
What Radiohead sounds like to people who HATE them #shorts,Virgiliotwentyfour,1583947,249
Radiohead s Lost Decade: Grief  Gaza  and the Surprise Return,Poetic Wax,20246,92
Radiohead - Everything in it s right place (slowed to perfection + best bit) ã€ŠInstrumentalã€‹,ATCAviation,322724,5
Radiohead - Creep [HD] | Live at Pinkpop 1996,Pinkpop Archive,27915,25
Radiohead - Fake Plastic Trees (Live Bologna 17\11\2025) - One of the best performances ever,Francesco Rosati,36091,42
Radiohead - Day 4 Live at O2  London  25/11/2025,roustghoti,47870,178
THOM YORKE TALKS ABOUT HAIL TO THE THIEFðŸ’² #radiohead,PADDINGTONdaBEAR,671493,164
Kids give their brutally honest reviews of Radiohead s  Paranoid Android,Noisey,39377,32
Haikyuu edit - Let Down ~ Radiohead,Decoy,20855,2
Radiohead - Everything in it s right place (slowed to perfection + best bit) ã€ŠInstrumentalã€‹,ð�™ƒð�˜¼ð�™…ð�™”,1715609,12
My 3 favourite Radiohead guitar riffs! What are yours? ðŸ‘€ #radiohead #guitarriff #fender,Harry Seaton,28248,25
"#radiohead recording Weird Fishes in 2006 #thomyorke #edobrien #guitar #rock #inrainbows #ed #shorts",Miles Large,435582,206
Radiohead Only Used 4 Chords To Make A MASTERPIECE,Charles Cornell,590939,255
Radiohead - I Will (Live),Radiohead,75735,322
Radiohead - Jigsaw Falling Into Place  Live in Bologna 18/11/2025 Night 4,CaddySplit,13993,41
Ranking Every Song From In Rainbows By Radiohead,The Music Therapist,34122,100
Thom Yorke s Favourite Radiohead Song,Minus,7236,11
like spinning plates - radiohead london 2025,Elly,8974,131
Creep  Jonny Greenwood techniqueðŸ™ƒ (Radiohead),Guitar Lines,4445770,81
Gen Zâ€˜s reaction to â€žcreepâ€œ by Radiohead. ðŸ”¥orðŸ—‘ï¸�?,Music Reactions,2274901,99
Radiohead -  Are you songs funny?  | MTV interveiw,Thinker,63265,51
â€œCreepâ€� might have been stolenðŸ˜… #music thehollies #radiohead,RAMM4EVER,108683,17
"#radiohead Bones #cover ! #thomyorke #jonnygreenwood #guitar #thebends #guitarcover",Miles Large,25168,79
kid a - radiohead bologna 2025,Elly,11871,139
How Radiohead s 1997 Song went Viral in 2025 #LetDown,Stage Dive,25169,6
HOW BIG A FAN OF RADIOHEAD ARE YOU? #Radiohead #thomyorke #Shorts #song #Music #Nostalgia #reels,duro_amazonico,6072,81
Thom Yorke Reveals Why Radiohead Quit Touring,OldSchoolRockers,11846,11
Thom Yorke political speech about men in suits ðŸ˜ƒðŸ¤˜ðŸ�¼ðŸ“»ðŸ”¥ #radiohead #news,ScyllaV,1229026,379
How Well Do You Know Radiohead? #radiohead,Shan On The Street,41739,57
Radiohead is so niche #radiohead #radioheadcreep #heretic #hughgrant #sophiethatcher,VVS Films,27474,4
[Animatic] radiohead - no surprises,Psyked,501732,11
Top 10 Radiohead Songs RANKED by AOTY Community (UPDATED) #radiohead #music #songs,The Forgotten,8949,47
THOM YORKE on how he WRITES his MUSIC ðŸŽ¶ #radiohead,PADDINGTONdaBEAR,29768,14
Radiohead - Climbing Up The Walls @ O2 Arena  London  24/11/25,ThomT94,11952,96
Did you know in OK COMPUTER RADIOHEAD... #radiohead #okcomputer #recording #thomyorke,Jamatopia ðŸŽµ,168505,84
THOM YORKE and ED O BRIEN talk about KID AðŸ—»ðŸ”´ #radiohead,PADDINGTONdaBEAR,172177,58
Billie Eilish - Creep (Radiohead cover),Billie Eilish World,1952478,116
Radiohead s  Creep  shouldnâ€™t exist,Music Mongoose,117651,69
Leo DiCaprio and Benicio Del Toro are obsessed with Oasis and Radiohead reuniting,NME,355244,44
How to play #guitar like #radiohead #thomyorke #jonnygreenwood #solo #cover,Miles Large,372756,176
Of Course Radiohead s Guitarist Is A GENIUS Film Composer,Charles Cornell,46798,111
Part 11 | let down radiohead choirs ver.,phaselyrics,240262,5
Radiohead album ranking #radiohead #inrainbows #thomyorke #okcomputer #thebends #nosurprises,Damon Smith,12124,34
Radiohead Live at The O2 London (Almost) Full Concert â€“ 24 November 2025,ONTHEONE,8629,33
Radiohead is the Closest Iâ€™ve Come to God - Rainn Wilson,Alex O Connor,391169,213
Radiohead - Daydreaming (Live Bologna 17/11/2025),Francesco Rosati,3302,7
radiohead - everything in its right place (slowed+reverb),nachonacho___,949199,46
Radiohead - Like Spinning Plates @ O2 Arena  London  25/11/2025,ThomT94,6492,83
Radiohead - 2025.11.08 - Paranoid Android - Madrid,mariuszimagda,2628,7
The Story Behind The Song Let Down By Radiohead!,The Joel Martin Mastery Podcast,1500703,16
RADIOHEAD â€“ Ñ�Ð°Ð¼Ð°Ñ� Ñ�Ð»Ð¾Ð¶Ð½Ð°Ñ� Ð¿Ð¾Ð¿-Ð¼ÑƒÐ·Ñ‹ÐºÐ°,Ð¢Ð¸Ñ…Ð¾Ðµ ÐœÐµÑ�Ñ‚Ð¾,933564,59
We Are Humans  - Sad Season 3 Edit | Let Down - Radiohead #edit #squidgame #fypã‚·ã‚šviral #trending,Dadone11,47823,12
PolÃ©mica Radiohead #radiohead #thomyorke #muse #coldplay #pinkfloyd #fyp â€‹â� #musica @Radiohead,Camiversion,469284,124
How many Radiohead guitar riffs can I play in under 60 seconds!? #radiohead #guitarriff #thomyorke,Harry Seaton,28225,19
ðŸ¥¹Anyone Get Radiohead Tickets? #radiohead,George Scaife Music,4097,13
The Album That Made Spotify Inevitable,Asa Park,367564,181
Regis Opina Sobre Radiohead #registadeu #podcast #90s #anos90 #radiohead #rock #pop #musica #shorts,CortesCrimson,51051,8
LA CREACION DE PARANOID ANDROID #rock #music #radiohead #90s #paranoidandroid #alternativemusic,Llave De Rock,18408,10
Thom Yorke reads a letter about receiving a surprising text messageâ€¦,Letters Live,623617,151
Radiohead - Ð³Ñ€ÑƒÐ¿Ð¿Ð° Ð¾Ð´Ð½Ð¾Ð³Ð¾ Ñ…Ð¸Ñ‚Ð°? ÐšÐ°Ðº Ð´ÑƒÐ¼Ð°ÐµÑ‚Ðµ?,Ð�Ð»ÐµÐºÑ�Ð°Ð½Ð´Ñ€ ÐŸÑƒÑˆÐ½Ð¾Ð¹,460178,35
Thom vibing to All I Need #radiohead #thomyorke #allineed,Alex Franklin Piano,5602,3
MA CHE DISCO Ãˆ â€œIn Rainbowsâ€� dei RADIOHEAD!? REACTION ðŸ¤©,rambleo,6638,2
Exit Music (for a Film) - Radiohead (cover),Adam Barrett,202619,72
Why Radiohead Is So Effective In Visual Media,sco music,977386,114
Radiohead  Paranoid Android  Toned Up! | How They Got That Sound,Let s Play All,6238,7
Radiohead Airbag Live Movistar Arena Madrid Spain November 5 2025,godieinhell2,4715,13
Radiohead - Exit Music (For a Film) (Live) Nov. 5  2025 - Moviestar Arena  Madrid  Spain,Dusten LeSueur,7537,14
Reckoner - Radiohead (Josh Turner and Emma Harner Cover),Josh Turner Guitar,60735,37
Radiohead 11/7/25 â€œEverything In its Right Placeâ€� at Movistar Arena in Madrid Spain,Gregory M,4508,8
exit music - radiohead london 2025,Elly,1218,17
When they ask for Radiohead #funny #shorts,Insignia The Band - Official,119376,3
Let Down - Radiohead,lyrzcsspotify,73858,3
SENJATA RAHASIA RADIOHEAD,Dosis Musik Harian,26903,45
How Radiohead Predicted EVERYTHING with Ok Computer (Full Analysis),Krysis,175599,137
Radiohead - Fake Plastic Trees - Bologna 14-11-25,Corrado Macchioni,4165,18
Radiohead - Lucky intro (live arrangements) #radiohead,Scatter Tune,5813,2
Layne Staleyâ€™s Favorite 90s Songs â€“ His Surprising Pick!,90TheOriginal,602600,99
There  There  - Radiohead live O2 Arena  London  25 November 2025,J M Galasso,425,2
Radiohead - No Surprises | Singer Reacts |,Rayactions,322787,114
Let down- Radiohead #radiohead#yourwickedboy,Sazid Abdullah,80726,21
Top 5 RADIOHEAD en TV y PelÃ­culas ðŸŽ¶ #radiohead #music #top #movies #tv #short #shorts,Proyecto CC,1548,3
Â¿ Porque RADIOHEAD Odia tanto CREEP ? | #radiohead #shorts,You Are Art,8024,1
Top 5 Radiohead en Pelis y Series II #radiohead #music #musica #song #songs #short #shorts #top,Proyecto CC,1787,3
radiohead - let down (slowed + reverb),j o s h u a,221109,8
El Regreso De Radiohead!,Rafa Gaminde,21224,3
idioteque - radiohead london 2025 night 4,Elly,1129,11
Ed sings his own name #radiohead #weirdfishes,Alex Franklin Piano,2448,1
Every #radiohead album hasâ€¦ #guitar #rock #music #thomyorke #cover #jonnygreenwood,Miles Large,1510044,502
"#radiohead Kid A  25 Years Later - #vinyl Monday in 60 Seconds",Abigail Devoe,4651,8
Radiohead - Paranoid Android Pt 2 (Live at O2 Arena 2025) - fan chants #radiohead #shorts,Kevin s Concert Archive,2306,8
