Label,channeltitle,Weighted Degree
Radiohead - Creep,Radiohead,94
Radiohead - Let Down,Newfound Recordings,227
Radiohead - Creep (Lyrics),LyricsZone,49
Radiohead - Creep (clean version) (Lyrics),bittersweet,12
Radiohead - No Surprises (Lyrics),Blissful Mind,93
Radiohead - Let Down + Choir (Complete) NEW VERSION,Danny Kuroki,111
Radiohead Perform  Creep  Live on September 14  1993 | Late Night with Conan Oâ€™Brien,Conan O Brien,265
Let Down - Radiohead | Lirik Terjemahan Indonesia,Indolirik,8
Radiohead - Let Down & Choir (Full version),We ll meet again,27
Radiohead- Let Down Lyrics,JR Viral Hits,1
Let Down - Radiohead - Lyrics,Pyroarp,36
Radiohead - Let down (Oficial) Subtitulada en EspaÃ±ol / InglÃ©s,RosebudLR,88
Radiohead - Creep (subtitulado en espaÃ±ol),Viks,79
radiohead â€¢ true love waits || sub espaÃ±ol â€¢ lyrics,1997us,214
Radiohead - Let Down (Choir Version + Best Part Looped),kaize,20
Radiohead - Creep (Karaoke Version),Sing King,28
Radiohead - Creep (Live  1993) #radiohead #radioheadcreep #thomasyorke,Own Little World,65
Radiohead - Creep (Subtitulada en EspaÃ±ol - Lyrics),Kylian Dash,120
Radiohead - Exit Music (For a film) Subtitulada en EspaÃ±ol / InglÃ©s,RosebudLR,120
Radiohead - Fake Plastic Trees live at pinkpop 1996,jolagojo,21
Let Down by Radiohead  but it will change your life.,GetHype,105
Radiohead ; Creep || Sub. EspaÃ±ol,å„„å�¸memories 7Ï‰7,59
CREEP - Radiohead (HD Karaoke),Atomic Karaoke...,3
Radiohead - Creep (Sub EspaÃ±ol + Lyrics),Bastideon,87
Creep (RadioHead),Christian B,133
Radiohead - Karma Police / Sub espaÃ±ol + lyrics,Mardo Zlender,33
Billie Eilish sings CREEP by RadioheadðŸ˜�ðŸ¥¹,BILLIE S CROWN,37
Radiohead - Let Down [Final ver & 9.1 Demo mix] High Quality Lyric Video,Troy Cadivida,27
Let down - Radiohead - lyrics art #letdown #radiohead #lyricsart #lyrcis #art #fyp #viralvideo,Esmar,5
Radiohead - No Surprises ; EspaÃ±ol - InglÃ©s | HD áµ�á¶¦á¶ ,Xendrik Aunglend â™± Lyrics,30
Radiohead - Creep (Video Oficial) // EspaÃ±ol + Lyrics,rayita,22
Radiohead; Creep (subtitulado al espaÃ±ol),meintear,59
Radiohead - Karma Police (Subtitulada en EspaÃ±ol - Lyrics),Kylian Dash,22
Radiohead - Creep (Acoustic) - Lyrics â™«,JeMellow,4
Radiohead - Creep (Legendado/TraduÃ§Ã£o BR),Is a God?,31
Radiohead - Creep (Rocket) // Sub EspaÃ±ol â€¢ CanciÃ³n del inicio de Guardianes de la Galaxia Vol. 3,sugarboo ii,68
Let Down - Radiohead 1 Hour,Who?,1
Let Down - Radiohead (second half extended) (slowed + reverb),neechie,13
Let Down- Radiohead ; Lyrics ; Sub EspaÃ±ol ~ | + Choir,E d e l -,9
Radiohead - Creep ; Subtitulado al EspaÃ±ol & InglÃ©s,Xendrik Aunglend â™± Lyrics,85
Creep | Radiohead (Cover),Caitlin Koch,34
Radiohead - Creep (Live) â€“ Lyrics video,ð�“›ð�”‚ð�“»ð�“²ð�“¬ð�“¼ ð�“� ð�“¶ð�“¾ð�“¼ð�“²ð�“¬,30
Radiohead - Creep (Legendado),Tim ãƒ«ãƒ¼ã‚«ã‚¹ã�®æ­Œè©ž,50
radiohead - creep [slowed HQ Audio],Kabir Khaneja,3
Radiohead - Let Down 9.1 (Minidisk) [Enhanced] Lyric Video,Numutr,66
BEST CREEP covers (Radiohead) in The Voice Kids,The Voice Global,29
let down x creep chorus,sugusz,13
Radiohead - How To Disappear Completely (traducida al espaÃ±ol),C h r i s t i a n,11
Creep by Radiohead - Guitar Chords and Lyrics,Music2 Soul,4
Let Down - Radiohead (Lyrics),Blue Music,1
Radiohead - Let Down (Karaoke Version),Sing King,8
Let Down Radiohead  but the song gets worse and worse,Badman,52
Creep-Radiohead (SUNGJOON cover),SUNGJOON,44
Waiting (Drives you crazy) - Radiohead Let Down 9.1 Demo [Minidisk] [Enhanced],Numutr,110
Â¿Por quÃ© RADIOHEAD se llama asÃ­?,Tus Clases De Guitarra,13
Radiohead - No Surprises (Traducida al EspaÃ±ol + Lyrics),ð�™³ð�š¡ð�š¡ð�š—ð�š—â˜†,3
Karma Police - Radiohead / Sub espaÃ±ol | Invincible,vatefun ãƒœ,21
No Surprises - Radiohead//Sub espaÃ±ol,AESIR FM,57
I NEVER Heard A Note This HIGH | Radiohead - Creep,Luke Silva,17
Peter JuhÃ¡s - Radiohead : Creep | The Voice ÄŒesko Slovensko 2019,The Voice ÄŒesko Slovensko CZ,16
no surprises - radiohead but more sadder,zeliae,123
Kitchen karaoke  â€˜Creepâ€™ edition. #singing #cover #duet #creep #radiohead #twins,Billy & Louie,5
El significado de No Surprises #radiohead #letra #musica #meme #significado #cancion,alien giraffe,20
Creep - Radiohead,The Guest List,158
John Pierce NAILS Radiohead s  Creep  in emotional performance | Auditions | BGT 2025,Britain s Got Talent,94
Creep Radiohead Guitar Tutorial // Creep Guitar Lesson,The Groovy Guitar Dude,12
Creep - Radiohead (SUNGJOON cover),SUNGJOON,43
La historia de la Creep de Radiohead: El secreto oscuro revelado,IntenzStudio,64
"#radiohead #music #humor #perro",Estamoscon?,2
radiohead - no surprises (slowed + reverb),some lovely ugly thoughts,40
How To Play  Creep  On The Guitar | Radio Head | #guitar #guitarcover #guitartutorial #guitarsong,Tuguldur Ariunbold,4
Creep - Radiohead (acapella) VoicePlay ft. Anthony Gargiula,VoicePlay,14
Radiohead - Creep (Gamper & Dadoni feat. Ember Island Remix),MrRevillz,18
Creep - Radiohead Cover,HarryAndAGuitar,61
Creep by Radiohead - Cover by The Graystones,The Graystones,30
BEST of Radiohead s CREEP Blind Auditions in The Voice! | TOP 6,The Voice Europe,70
Radiohead ODIA esta canciÃ³n (No es Creep) ðŸ¥²| #radiohead #thomyorke #rock #musica #indie #thestrokes,Festivaleros Club,2
Escuchar a RADIOHEAD es una pesadilla,Koga Sounds,84
You ve never heard  Creep  by Radiohead done like this ðŸ¤©,America s Got Talent,62
